,Date(AD),Index
0,2017-11-01,"1,832.52"
1,2017-11-02,"1,818.26"
2,2017-11-05,"1,787.67"
3,2017-11-06,"1,776.45"
4,2017-11-07,"1,758.78"
5,2017-11-08,"1,737.20"
6,2017-11-09,"1,738.50"
7,2017-11-12,"1,739.78"
8,2017-11-13,"1,750.77"
9,2017-11-14,"1,809.62"
10,2017-11-15,"1,791.48"
11,2017-11-16,"1,777.70"
12,2017-11-19,"1,752.83"
13,2017-11-20,"1,742.07"
14,2017-11-21,"1,745.36"
15,2017-11-22,"1,751.96"
16,2017-11-23,"1,776.35"
17,2017-11-26,"1,804.87"
18,2017-11-27,"1,802.08"
19,2017-11-28,"1,815.95"
20,2017-11-29,"1,857.57"
21,2017-11-30,"1,863.64"
22,2017-12-04,"1,843.58"
23,2017-12-05,"1,850.19"
24,2017-12-06,"1,874.77"
25,2017-12-10,"1,854.43"
26,2017-12-11,"1,848.96"
27,2017-12-12,"1,828.33"
28,2017-12-13,"1,842.89"
29,2017-12-14,"1,845.48"
30,2017-12-17,"1,833.02"
31,2017-12-18,"1,830.98"
32,2017-12-19,"1,810.75"
33,2017-12-20,"1,803.13"
34,2017-12-21,"1,782.08"
35,2017-12-24,"1,778.73"
36,2017-12-26,"1,746.06"
37,2017-12-27,"1,722.34"
38,2017-12-28,"1,719.25"
39,2017-12-31,"1,681.73"
40,2018-01-01,"1,751.20"
41,2018-01-02,"1,742.94"
42,2018-01-03,"1,716.26"
43,2018-01-04,"1,724.54"
44,2018-01-07,"1,745.14"
45,2018-01-08,"1,747.99"
46,2018-01-09,"1,765.94"
47,2018-01-10,"1,741.97"
48,2018-01-14,"1,715.67"
49,2018-01-16,"1,697.97"
50,2018-01-17,"1,701.98"
51,2018-01-21,"1,689.81"
52,2018-01-22,"1,676.52"
53,2018-01-23,"1,667.31"
54,2018-01-24,"1,664.69"
55,2018-01-25,"1,687.12"
56,2018-01-28,"1,681.67"
57,2018-01-29,"1,678.09"
58,2018-01-31,"1,686.13"
59,2018-02-01,"1,698.54"
60,2018-02-04,"1,695.11"
61,2018-02-05,"1,677.73"
62,2018-02-06,"1,670.18"
63,2018-02-07,"1,654.27"
64,2018-02-08,"1,661.72"
65,2018-02-11,"1,648.98"
66,2018-02-12,"1,642.28"
67,2018-02-14,"1,662.83"
68,2018-02-15,"1,725.74"
69,2018-02-18,"1,695.42"
70,2018-02-20,"1,657.91"
71,2018-02-21,"1,654.01"
72,2018-02-22,"1,649.53"
73,2018-02-25,"1,636.63"
74,2018-02-26,"1,606.47"
75,2018-02-27,"1,607.45"
76,2018-02-28,"1,584.92"
77,2018-03-04,"1,525.91"
78,2018-03-05,"1,482.15"
79,2018-03-06,"1,501.16"
80,2018-03-07,"1,526.80"
81,2018-03-11,"1,481.28"
82,2018-03-12,"1,461.98"
83,2018-03-13,"1,457.69"
84,2018-03-14,"1,466.26"
85,2018-03-15,"1,468.75"
86,2018-03-18,"1,457.83"
87,2018-03-19,"1,447.48"
88,2018-03-20,"1,427.12"
89,2018-03-21,"1,378.60"
90,2018-03-22,"1,359.35"
91,2018-03-26,"1,283.83"
92,2018-03-27,"1,349.33"
93,2018-03-28,"1,320.24"
94,2018-03-29,"1,340.23"
95,2018-04-01,"1,313.99"
96,2018-04-02,"1,308.73"
97,2018-04-03,"1,310.87"
98,2018-04-04,"1,373.93"
99,2018-04-05,"1,409.38"
100,2018-04-08,"1,495.04"
101,2018-04-09,"1,488.87"
102,2018-04-10,"1,462.41"
103,2018-04-11,"1,467.13"
104,2018-04-12,"1,477.84"
105,2018-04-15,"1,489.58"
106,2018-04-16,"1,561.69"
107,2018-04-17,"1,681.80"
108,2018-04-18,"1,687.19"
109,2018-04-19,"1,701.45"
110,2018-04-22,"1,801.68"
111,2018-04-23,"1,770.90"
112,2018-04-24,"1,760.39"
113,2018-04-25,"1,742.07"
114,2018-04-26,"1,698.81"
115,2018-04-29,"1,694.74"
116,2018-05-02,"1,741.10"
117,2018-05-03,"1,757.65"
118,2018-05-06,"1,750.11"
119,2018-05-07,"1,728.21"
120,2018-05-08,"1,763.97"
121,2018-05-09,"1,757.34"
122,2018-05-10,"1,742.93"
123,2018-05-14,"1,720.34"
124,2018-05-15,"1,714.72"
125,2018-05-16,"1,737.56"
126,2018-05-17,"1,733.54"
127,2018-05-20,"1,741.44"
128,2018-05-21,"1,777.26"
129,2018-05-22,"1,783.01"
130,2018-05-23,"1,788.58"
131,2018-05-24,"1,754.60"
132,2018-05-27,"1,726.68"
133,2018-05-28,"1,785.74"
134,2018-05-29,"1,770.26"
135,2018-05-30,"1,774.64"
136,2018-05-31,"1,757.07"
137,2018-06-03,"1,702.00"
138,2018-06-04,"1,670.87"
139,2018-06-06,"1,705.85"
140,2018-06-07,"1,670.31"
141,2018-06-10,"1,626.35"
142,2018-06-11,"1,649.24"
143,2018-06-12,"1,648.08"
144,2018-06-13,"1,653.33"
145,2018-06-14,"1,666.70"
146,2018-06-17,"1,645.94"
147,2018-06-18,"1,654.64"
148,2018-06-19,"1,640.35"
149,2018-06-20,"1,630.24"
150,2018-06-21,"1,623.69"
151,2018-06-24,"1,621.29"
152,2018-06-25,"1,607.54"
153,2018-06-26,"1,575.37"
154,2018-06-27,"1,579.81"
155,2018-06-28,"1,579.32"
156,2018-07-01,"1,553.58"
157,2018-07-02,"1,548.34"
158,2018-07-03,"1,538.80"
159,2018-07-04,"1,551.56"
160,2018-07-05,"1,637.46"
161,2018-07-08,"1,617.94"
162,2018-07-09,"1,596.05"
163,2018-07-10,"1,595.52"
164,2018-07-11,"1,623.97"
165,2018-07-12,"1,587.91"
166,2018-07-15,"1,594.46"
167,2018-07-16,"1,607.08"
168,2018-07-17,"1,593.76"
169,2018-07-18,"1,577.84"
170,2018-07-19,"1,561.61"
171,2018-07-22,"1,528.68"
172,2018-07-23,"1,564.13"
173,2018-07-24,"1,563.43"
174,2018-07-25,"1,556.66"
175,2018-07-26,"1,541.50"
176,2018-07-29,"1,540.00"
177,2018-07-30,"1,539.95"
178,2018-07-31,"1,534.34"
179,2018-08-01,"1,541.72"
180,2018-08-02,"1,531.00"
181,2018-08-05,"1,531.21"
182,2018-08-06,"1,537.57"
183,2018-08-07,"1,526.76"
184,2018-08-08,"1,525.35"
185,2018-08-09,"1,508.88"
186,2018-08-12,"1,477.35"
187,2018-08-13,"1,492.37"
188,2018-08-14,"1,507.97"
189,2018-08-15,"1,543.25"
190,2018-08-16,"1,529.47"
191,2018-08-19,"1,506.04"
192,2018-08-20,"1,494.35"
193,2018-08-21,"1,484.02"
194,2018-08-22,"1,483.64"
195,2018-08-23,"1,479.23"
196,2018-08-26,"1,466.61"
197,2018-08-28,"1,469.53"
198,2018-08-29,"1,459.90"
199,2018-08-30,"1,473.93"
200,2018-09-02,"1,484.07"
201,2018-09-03,"1,487.37"
202,2018-09-04,"1,487.14"
203,2018-09-05,"1,529.23"
204,2018-09-06,"1,514.15"
205,2018-09-09,"1,489.22"
206,2018-09-10,"1,502.53"
207,2018-09-11,"1,514.33"
208,2018-09-12,"1,530.21"
209,2018-09-13,"1,529.52"
210,2018-09-16,"1,537.83"
211,2018-09-17,"1,543.46"
212,2018-09-18,"1,552.91"
213,2018-09-20,"1,547.85"
214,2018-09-23,"1,538.93"
215,2018-09-25,"1,549.37"
216,2018-09-26,"1,548.44"
217,2018-09-27,"1,538.98"
218,2018-09-30,"1,523.28"
219,2018-10-01,"1,504.56"
220,2018-10-02,"1,507.64"
221,2018-10-03,"1,497.89"
222,2018-10-04,"1,486.69"
223,2018-10-07,"1,467.83"
224,2018-10-08,"1,476.85"
225,2018-10-09,"1,469.23"
226,2018-10-10,"1,463.30"
227,2018-10-11,"1,472.90"
228,2018-10-14,"1,484.04"
229,2018-10-14,"1,484.04"
230,2018-10-14,"1,484.04"
231,2018-10-15,"1,482.94"
232,2018-10-21,"1,478.55"
233,2018-10-22,"1,480.04"
234,2018-10-23,"1,471.45"
235,2018-10-24,"1,472.92"
236,2018-10-25,"1,466.47"
237,2018-10-28,"1,451.74"
238,2018-10-29,"1,442.34"
239,2018-10-30,"1,441.34"
240,2018-10-31,"1,433.98"
241,2018-11-01,"1,435.79"
242,2018-11-04,"1,427.13"
243,2018-11-05,"1,445.11"
244,2018-11-06,"1,450.00"
245,2018-11-11,"1,446.92"
246,2018-11-12,"1,426.51"
247,2018-11-13,"1,438.59"
248,2018-11-14,"1,438.59"
249,2018-11-15,"1,423.95"
250,2018-11-18,"1,414.96"
251,2018-11-19,"1,407.47"
252,2018-11-20,"1,400.16"
253,2018-11-21,"1,399.37"
254,2018-11-22,"1,392.25"
255,2018-11-25,"1,369.88"
256,2018-11-26,"1,351.69"
257,2018-11-27,"1,347.52"
258,2018-11-28,"1,334.80"
259,2018-11-29,"1,310.57"
260,2018-12-02,"1,281.75"
261,2018-12-03,"1,273.78"
262,2018-12-04,"1,281.37"
263,2018-12-05,"1,252.27"
264,2018-12-06,"1,252.78"
265,2018-12-09,"1,257.75"
266,2018-12-10,"1,275.82"
267,2018-12-11,"1,265.58"
268,2018-12-12,"1,257.12"
269,2018-12-13,"1,268.73"
270,2018-12-16,"1,306.24"
271,2018-12-17,"1,346.46"
272,2018-12-18,"1,327.96"
273,2018-12-19,"1,321.65"
274,2018-12-20,"1,322.77"
275,2018-12-23,"1,386.55"
276,2018-12-24,"1,380.66"
277,2018-12-25,"1,366.82"
278,2018-12-26,"1,417.03"
279,2018-12-27,"1,414.28"
280,2018-12-30,"1,409.67"
281,2018-12-31,"1,388.14"
282,2018-01-01,"1,389.16"
283,2019-01-01,"1,389.16"
284,2019-01-02,"1,394.49"
285,2019-01-03,"1,395.71"
286,2019-01-06,"1,372.87"
287,2019-01-07,"1,384.40"
288,2019-01-08,"1,389.82"
289,2019-01-09,"1,392.26"
290,2019-01-10,"1,397.96"
291,2019-01-13,"1,385.26"
292,2019-01-15,"1,453.87"
293,2019-01-16,"1,438.19"
294,2019-01-17,"1,447.45"
295,2019-01-14,"1,400.32"
296,2019-01-20,"1,436.86"
297,2019-01-21,"1,415.92"
298,2019-01-22,"1,430.08"
299,2019-01-23,"1,443.07"
300,2019-01-24,"1,440.81"
301,2019-01-27,"1,425.81"
302,2019-01-28,"1,445.72"
303,2019-01-29,"1,439.60"
304,2019-01-30,"1,444.91"
305,2019-01-31,"1,445.41"
306,2019-02-03,"1,442.61"
307,2019-02-04,"1,428.80"
308,2019-02-05,"1,435.53"
309,2019-02-06,"1,424.70"
310,2019-02-07,"1,425.50"
311,2019-02-10,"1,409.78"
312,2019-02-11,"1,420.24"
313,2019-02-12,"1,415.96"
314,2019-02-13,"1,404.06"
315,2019-02-14,"1,388.72"
316,2019-02-17,"1,387.06"
317,2019-02-18,"1,380.32"
318,2019-02-19,"1,420.03"
319,2019-02-20,"1,402.27"
320,2019-02-21,"1,399.69"
321,2019-02-24,"1,378.97"
322,2019-02-25,"1,389.48"
323,2019-02-26,"1,375.15"
324,2019-02-27,"1,372.78"
325,2019-03-03,"1,365.23"
326,2019-03-05,"1,370.51"
327,2019-03-06,"1,390.01"
328,2019-03-07,"1,412.12"
329,2019-03-10,"1,410.54"
330,2019-03-11,"1,424.77"
331,2019-03-12,"1,434.70"
332,2019-03-13,"1,413.09"
333,2019-03-14,"1,415.20"
334,2019-03-17,"1,414.66"
335,2019-03-18,"1,403.98"
336,2019-03-19,"1,396.54"
337,2019-03-21,"1,386.83"
338,2019-03-24,"1,377.52"
339,2019-03-25,"1,383.39"
340,2019-03-26,"1,377.91"
341,2019-03-27,"1,383.04"
342,2019-03-28,"1,385.39"
343,2019-03-31,"1,376.92"
344,2019-04-01,"1,381.15"
345,2019-04-02,"1,383.49"
346,2019-04-03,"1,381.10"
347,2019-04-04,"1,372.33"
348,2019-04-07,"1,371.38"
349,2019-04-08,"1,407.89"
350,2019-04-09,"1,392.78"
351,2019-04-10,"1,395.13"
352,2019-04-11,"1,395.16"
353,2019-04-15,"1,437.60"
354,2019-04-16,"1,473.41"
355,2019-04-17,"1,459.39"
356,2019-04-18,"1,471.38"
357,2019-04-21,"1,498.29"
358,2019-04-22,"1,477.31"
359,2019-04-23,"1,472.36"
360,2019-04-24,"1,478.37"
361,2019-04-25,"1,488.75"
362,2019-04-28,"1,579.83"
363,2019-04-29,"1,574.21"
364,2019-04-30,"1,556.20"
365,2019-05-02,"1,549.29"
366,2019-05-05,"1,523.42"
367,2019-05-06,"1,533.59"
368,2019-05-07,"1,537.72"
369,2019-05-08,"1,532.76"
370,2019-05-09,"1,524.58"
371,2019-05-12,"1,522.98"
372,2019-05-13,"1,521.52"
373,2019-05-14,"1,531.02"
374,2019-05-15,"1,531.15"
375,2019-05-16,"1,525.92"
376,2019-05-19,"1,517.42"
377,2019-05-20,"1,500.61"
378,2019-05-21,"1,497.55"
379,2019-05-22,"1,504.76"
380,2019-05-23,"1,506.46"
381,2019-05-26,"1,501.31"
382,2019-05-27,"1,502.11"
383,2019-05-28,"1,501.43"
384,2019-05-29,"1,508.88"
385,2019-05-30,"1,507.10"
386,2019-06-02,"1,489.02"
387,2019-06-03,"1,476.50"
388,2019-06-04,"1,464.11"
389,2019-06-06,"1,459.04"
390,2019-06-10,"1,447.56"
391,2019-06-11,"1,451.14"
392,2019-06-12,"1,443.57"
393,2019-06-13,"1,440.72"
394,2019-06-16,"1,411.23"
395,2019-06-17,"1,408.04"
396,2019-06-18,"1,412.89"
397,2019-06-19,"1,411.24"
398,2019-06-20,"1,424.92"
399,2019-06-23,"1,409.87"
400,2019-06-24,"1,427.25"
401,2019-06-25,"1,429.77"
402,2019-06-26,"1,425.91"
403,2019-06-27,"1,424.28"
404,2019-06-30,"1,408.89"
405,2019-07-01,"1,406.53"
406,2019-07-02,"1,422.06"
407,2019-07-03,"1,448.08"
408,2019-07-04,"1,441.66"
409,2019-07-07,"1,433.18"
410,2019-07-08,"1,426.68"
411,2019-07-09,"1,426.27"
412,2019-07-10,"1,429.79"
413,2019-07-11,"1,424.26"
414,2019-07-14,"1,424.11"
415,2019-07-15,"1,428.81"
416,2019-07-16,"1,434.32"
417,2019-07-17,"1,460.30"
418,2019-07-18,"1,460.48"
419,2019-07-21,"1,460.38"
420,2019-07-22,"1,467.85"
421,2019-07-23,"1,495.85"
422,2019-07-24,"1,510.83"
423,2019-07-25,"1,491.15"
424,2019-07-28,"1,463.45"
425,2019-07-29,"1,486.85"
426,2019-07-30,"1,501.57"
427,2019-07-31,"1,554.01"
428,2019-08-01,"1,569.65"
429,2019-08-04,"1,569.88"
430,2019-08-05,"1,542.85"
431,2019-08-06,"1,521.76"
432,2019-08-07,"1,544.31"
433,2019-08-08,"1,523.99"
434,2019-08-11,"1,517.39"
435,2019-08-12,"1,522.44"
436,2019-08-13,"1,521.02"
437,2019-08-14,"1,521.16"
438,2019-08-15,"1,517.15"
439,2019-08-18,"1,508.57"
440,2019-08-19,"1,530.08"
441,2019-08-20,"1,516.96"
442,2019-08-21,"1,515.72"
443,2019-08-22,"1,516.89"
444,2019-08-25,"1,512.69"
445,2019-08-26,"1,511.88"
446,2019-08-27,"1,521.83"
447,2019-08-28,"1,512.58"
448,2019-08-29,"1,510.74"
449,2019-09-01,"1,497.70"
450,2019-09-02,"1,472.72"
451,2019-09-03,"1,506.15"
452,2019-09-04,"1,508.96"
453,2019-09-05,"1,505.59"
454,2019-09-08,"1,498.09"
455,2019-09-09,"1,484.33"
456,2019-09-10,"1,480.21"
457,2019-09-11,"1,474.40"
458,2019-09-12,"1,467.98"
459,2019-09-15,"1,448.52"
460,2019-09-16,"1,437.29"
461,2019-09-17,"1,467.49"
462,2019-09-18,"1,496.65"
463,2019-09-19,"1,487.44"
464,2019-09-22,"1,457.12"
465,2019-09-23,"1,460.91"
466,2019-09-24,"1,453.05"
467,2019-09-25,"1,453.85"
468,2019-09-26,"1,449.12"
469,2019-09-29,"1,443.06"
470,2019-09-30,"1,453.06"
471,2019-10-01,"1,464.35"
472,2019-10-02,"1,461.96"
473,2019-10-03,"1,476.20"
474,2019-10-10,"1,473.79"
475,2019-10-14,"1,459.94"
476,2019-10-15,"1,465.27"
477,2019-10-16,"1,457.35"
478,2019-10-17,"1,459.52"
479,2019-10-20,"1,456.97"
480,2019-10-21,"1,457.49"
481,2019-10-22,"1,458.90"
482,2019-10-23,"1,467.78"
483,2019-10-24,"1,474.16"
484,2019-10-31,"1,469.00"
485,2019-11-03,"1,465.99"
486,2019-11-04,"1,471.59"
487,2019-11-05,"1,475.24"
488,2019-11-06,"1,479.71"
489,2019-11-10,"1,483.56"
490,2019-11-07,"1,479.29"
491,2019-11-11,"1,514.31"
492,2019-11-12,"1,503.32"
493,2019-11-14,"1,492.74"
494,2019-11-17,"1,488.98"
495,2019-11-18,"1,489.51"
496,2019-11-19,"1,488.64"
497,2019-11-20,"1,485.20"
498,2019-11-21,"1,473.67"
499,2019-11-24,"1,467.33"
500,2019-11-25,"1,471.12"
501,2019-11-27,"1,484.06"
502,2019-11-28,"1,480.83"
503,2019-11-26,"1,469.13"
504,2019-12-01,"1,474.01"
505,2019-12-02,"1,472.96"
506,2019-12-03,"1,487.60"
507,2019-12-04,"1,520.64"
508,2019-12-05,"1,545.19"
509,2019-12-08,"1,562.28"
510,2019-12-09,"1,612.71"
511,2019-12-10,"1,614.59"
512,2019-12-11,"1,671.67"
513,2019-12-12,"1,663.45"
514,2019-12-15,"1,627.17"
515,2019-12-16,"1,613.13"
516,2019-12-17,"1,623.01"
517,2019-12-18,"1,614.83"
518,2019-12-19,"1,609.76"
519,2019-12-22,"1,611.21"
520,2019-12-22,"1,611.21"
521,2019-12-23,"1,641.95"
522,2019-12-24,"1,631.04"
523,2019-12-25,"1,625.06"
524,2019-12-26,"1,624.33"
525,2019-12-29,"1,615.51"
526,2019-12-30,"1,619.26"
527,2019-12-31,"1,638.23"
528,2020-01-01,"1,663.92"
529,2020-01-02,"1,679.48"
530,2020-01-05,"1,719.72"
531,2020-01-06,"1,756.05"
532,2020-01-07,"1,788.95"
533,2020-01-08,"1,803.41"
534,2020-01-09,"1,866.41"
535,2020-01-12,"1,988.61"
536,2020-01-13,"1,974.72"
537,2020-01-14,"1,966.00"
538,2020-01-15,"1,993.20"
539,2020-01-16,"2,069.38"
540,2020-01-19,"2,101.44"
541,2020-01-20,"2,043.56"
542,2020-01-21,"2,041.17"
543,2020-01-22,"2,030.81"
544,2020-01-23,"2,015.82"
545,2020-01-26,"1,989.01"
546,2020-01-27,"2,055.44"
547,2020-01-28,"2,098.01"
548,2020-01-29,"2,188.96"
549,2020-01-30,"2,207.57"
550,2020-02-02,"2,229.70"
551,2020-02-03,"2,221.95"
552,2020-02-04,"2,199.07"
553,2020-02-05,"2,205.09"
554,2020-02-06,"2,187.63"
555,2020-02-09,"2,166.94"
556,2020-02-10,"2,196.73"
557,2020-02-11,"2,266.95"
558,2020-02-12,"2,322.58"
559,2020-02-13,"2,352.12"
560,2020-02-16,"2,409.93"
561,2020-02-17,"2,419.60"
562,2020-02-18,"2,406.50"
563,2020-02-19,"2,510.89"
564,2020-02-20,"2,670.21"
565,2020-02-23,"2,725.10"
566,2020-02-24,"2,693.06"
567,2020-02-25,"2,776.50"
568,2020-02-26,"2,803.65"
569,2020-02-27,"2,747.30"
570,2020-03-01,"2,657.04"
571,2020-03-02,"2,521.40"
572,2020-03-03,"2,405.27"
573,2020-03-04,"2,257.02"
574,2020-03-05,"2,305.05"
575,2020-03-10,"2,202.09"
576,2020-03-11,"2,319.37"
577,2020-03-12,"2,229.74"
578,2020-03-15,"2,136.32"
579,2020-03-16,"2,159.54"
580,2020-03-17,"2,065.87"
581,2020-03-18,"2,047.65"
582,2020-03-19,"2,068.24"
583,2020-03-22,"2,050.30"
584,2020-05-12,"2,032.25"
585,2020-05-13,"2,008.29"
586,2020-06-29,"1,968.92"
587,2020-06-30,"2,046.62"
588,2020-07-01,"2,147.85"
589,2020-07-02,"2,076.59"
590,2020-07-05,"2,086.42"
591,2020-07-06,"2,170.53"
592,2020-07-07,"2,247.09"
593,2020-07-08,"2,236.96"
594,2020-07-09,"2,249.85"
595,2020-07-12,"2,332.49"
596,2020-07-13,"2,383.84"
597,2020-07-14,"2,448.78"
598,2020-07-15,"2,438.99"
599,2020-07-16,"2,445.46"
600,2020-07-19,"2,537.85"
601,2020-07-20,"2,450.46"
602,2020-07-21,"2,443.44"
603,2020-07-22,"2,428.34"
604,2020-07-23,"2,456.78"
605,2020-07-26,"2,486.20"
606,2020-07-27,"2,498.66"
607,2020-07-28,"2,488.67"
608,2020-07-29,"2,432.99"
609,2020-07-30,"2,448.00"
610,2020-08-02,"2,373.23"
611,2020-08-03,"2,388.96"
612,2020-08-06,"2,347.75"
613,2020-08-09,"2,362.33"
614,2020-08-10,"2,433.89"
615,2020-08-11,"2,412.32"
616,2020-08-12,"2,405.58"
617,2020-08-13,"2,377.61"
618,2020-08-16,"2,348.39"
619,2020-08-17,"2,356.02"
620,2020-08-18,"2,373.44"
621,2020-08-19,"2,343.55"
622,2020-08-20,"2,355.56"
623,2020-08-23,"2,379.17"
624,2020-08-24,"2,434.90"
625,2020-08-25,"2,454.98"
626,2020-08-26,"2,496.12"
627,2020-08-27,"2,472.62"
628,2020-08-30,"2,474.98"
629,2020-08-31,"2,483.56"
630,2020-09-02,"2,500.84"
631,2020-09-03,"2,508.30"
632,2020-09-06,"2,498.03"
633,2020-09-07,"2,499.18"
634,2020-09-08,"2,518.34"
635,2020-09-09,"2,573.77"
636,2020-09-10,"2,607.51"
637,2020-09-13,"2,615.71"
638,2020-09-14,"2,592.51"
639,2020-09-15,"2,588.38"
640,2020-09-16,"2,593.25"
641,2020-09-17,"2,605.46"
642,2020-09-20,"2,591.65"
643,2020-09-21,"2,584.27"
644,2020-09-22,"2,561.03"
645,2020-09-23,"2,571.25"
646,2020-09-24,"2,570.73"
647,2020-09-27,"2,564.11"
648,2020-09-28,"2,556.49"
649,2020-09-29,"2,542.91"
650,2020-09-30,"2,536.04"
651,2020-10-01,"2,556.86"
652,2020-10-04,"2,560.89"
653,2020-10-05,"2,550.08"
654,2020-10-06,"2,540.79"
655,2020-10-07,"2,540.59"
656,2020-10-08,"2,541.44"
657,2020-10-11,"2,532.51"
658,2020-10-12,"2,536.44"
659,2020-10-13,"2,522.81"
660,2020-10-14,"2,517.49"
661,2020-10-15,"2,515.89"
662,2020-10-18,"2,504.66"
663,2020-10-19,"2,515.30"
664,2020-10-20,"2,531.74"
665,2020-10-21,"2,535.15"
666,2020-10-22,"2,535.96"
667,2020-10-28,"2,561.15"
668,2020-10-29,"2,573.88"
669,2020-11-01,"2,603.29"
670,2020-11-02,"2,665.59"
671,2020-11-03,"2,672.42"
672,2020-11-04,"2,668.75"
673,2020-11-05,"2,655.41"
674,2020-11-08,"2,666.27"
675,2020-11-09,"2,697.89"
676,2020-11-10,"2,702.78"
677,2020-11-11,"2,709.92"
678,2020-11-12,"2,708.20"
679,2020-11-18,"2,722.80"
680,2020-11-19,"2,769.18"
681,2020-11-22,"2,764.30"
682,2020-11-23,"2,743.38"
683,2020-11-24,"2,768.98"
684,2020-11-25,"2,875.84"
685,2020-11-26,"2,859.19"
686,2020-11-29,"2,886.94"
687,2020-11-30,"2,924.54"
688,2020-12-01,"2,925.97"
689,2020-12-02,"3,158.54"
690,2020-12-03,"3,188.61"
691,2020-12-06,"2,964.43"
692,2020-12-07,"3,091.98"
693,2020-12-08,"3,088.27"
694,2020-12-09,"3,018.46"
695,2020-12-10,"3,019.25"
696,2020-12-13,"3,075.54"
697,2020-12-14,"3,211.75"
698,2020-12-15,"3,271.34"
699,2020-12-16,"3,347.91"
700,2020-12-17,"3,357.19"
701,2020-12-21,"3,186.93"
702,2020-12-22,"3,293.98"
703,2020-12-23,"3,263.05"
704,2020-12-24,"3,225.11"
705,2020-12-27,"3,183.26"
706,2020-12-28,"3,189.20"
707,2020-12-29,"3,200.57"
708,2020-12-30,"3,285.65"
709,2020-12-31,"3,285.83"
710,2021-01-03,"3,363.43"
711,2021-01-04,"3,358.70"
712,2021-01-05,"3,352.76"
713,2021-01-06,"3,409.06"
714,2021-01-07,"3,455.59"
715,2021-01-10,"3,477.40"
716,2021-01-11,"3,468.16"
717,2021-01-12,"3,521.35"
718,2021-01-13,"3,617.84"
719,2021-01-17,"3,733.40"
720,2021-01-18,"3,833.50"
721,2021-01-19,"3,825.09"
722,2021-01-20,"3,854.28"
723,2021-01-21,"4,008.45"
724,2021-01-24,"4,110.98"
725,2021-01-25,"4,061.38"
726,2021-01-26,"4,001.66"
727,2021-01-27,"4,069.17"
728,2021-01-28,"4,156.41"
729,2021-01-31,"4,035.18"
730,2021-02-01,"4,007.37"
731,2021-02-02,"4,158.99"
732,2021-02-03,"4,160.00"
733,2021-02-04,"4,306.37"
734,2021-02-07,"4,640.62"
735,2021-02-08,"4,609.20"
736,2021-02-09,"4,480.95"
737,2021-02-10,"4,441.64"
738,2021-02-11,"4,313.59"
739,2021-02-14,"4,234.78"
740,2021-02-15,"4,605.08"
741,2021-02-16,"4,580.27"
742,2021-02-17,"4,534.63"
743,2021-02-18,"4,506.62"
744,2021-02-21,"4,461.16"
745,2021-02-22,"4,404.21"
746,2021-02-23,"4,397.89"
747,2021-02-24,"4,420.04"
748,2021-02-25,"4,359.56"
749,2021-02-28,"4,218.27"
750,2021-03-01,"4,299.76"
751,2021-03-02,"4,187.68"
752,2021-03-03,"4,131.25"
753,2021-03-04,"4,340.31"
754,2021-03-07,"4,288.52"
755,2021-03-09,"4,241.06"
756,2021-03-10,"4,201.06"
757,2021-03-14,"4,110.38"
758,2021-03-15,"4,085.15"
759,2021-03-16,"4,112.51"
760,2021-03-17,"4,226.38"
761,2021-03-18,"4,328.51"
762,2021-03-21,"4,575.11"
763,2021-03-22,"4,482.33"
764,2021-03-23,"4,551.33"
765,2021-03-24,"4,673.80"
766,2021-03-25,"4,626.26"
767,2021-03-29,"4,670.76"
768,2021-03-30,"4,820.44"
769,2021-03-31,"4,848.04"
770,2021-04-01,"4,850.72"
771,2021-04-04,"4,873.73"
772,2021-04-05,"4,908.35"
773,2021-04-06,"4,972.55"
774,2021-04-07,"5,079.99"
775,2021-04-08,"5,186.12"
776,2021-04-12,"5,374.68"
777,2021-04-13,"5,360.29"
778,2021-04-15,"5,366.43"
779,2021-04-18,"5,316.11"
780,2021-04-19,"5,253.41"
781,2021-04-20,"5,259.60"
782,2021-04-21,"5,203.41"
783,2021-04-22,"5,256.60"
784,2021-04-25,"5,095.08"
785,2021-04-26,"4,982.74"
786,2021-04-27,"5,220.59"
787,2021-04-28,"5,174.17"
788,2021-04-29,"5,218.52"
789,2021-05-02,"5,323.25"
790,2021-05-03,"5,392.23"
791,2021-05-04,"5,529.88"
792,2021-05-05,"5,525.98"
793,2021-05-06,"5,462.50"
794,2021-05-09,"5,365.44"
795,2021-05-10,"5,416.32"
796,2021-05-11,"5,481.41"
797,2021-05-12,"5,463.61"
798,2021-05-13,"5,469.00"
799,2021-05-16,"5,572.23"
800,2021-05-17,"5,587.53"
801,2021-05-18,"5,672.94"
802,2021-05-19,"5,664.34"
803,2021-05-20,"5,650.51"
804,2021-05-23,"5,629.81"
805,2021-05-24,"5,624.43"
806,2021-05-25,"5,626.74"
807,2021-05-27,"5,435.05"
808,2021-05-30,"5,360.65"
809,2021-05-31,"5,350.66"
810,2021-06-01,"5,332.42"
811,2021-06-02,"5,407.50"
812,2021-06-03,"5,447.85"
813,2021-06-06,"5,452.13"
814,2021-06-07,"5,429.70"
815,2021-06-08,"5,405.48"
816,2021-06-09,"5,386.80"
817,2021-06-10,"5,394.15"
818,2021-06-13,"5,376.46"
819,2021-06-14,"5,350.90"
820,2021-06-15,"5,311.76"
821,2021-06-16,"5,451.49"
822,2021-06-17,"5,388.04"
823,2021-06-20,"5,271.43"
824,2021-06-21,"5,166.43"
825,2021-06-22,"5,231.15"
826,2021-06-23,"5,130.87"
827,2021-06-24,"5,074.86"
828,2021-06-27,"5,079.76"
829,2021-06-28,"5,191.16"
830,2021-06-29,"5,217.56"
