,0,1,2,3,4,5,6,7,8
0,S.N.,Date,Open,High,Low,Ltp,% Change,Qty,Turnover
1,1,2021-07-04,363.00,363.00,334.00,350.00,1.16,"13,945.00","4,863,710.00"
2,2,2021-07-01,346.00,359.00,340.00,346.00,1.76,"9,803.00","3,409,741.00"
3,3,2021-06-30,333.00,340.00,316.00,340.00,0.29,"10,405.00","3,388,115.00"
4,4,2021-06-29,347.00,349.00,335.00,339.00,-3.97,"11,874.00","4,028,069.00"
5,5,2021-06-28,365.00,365.00,347.00,353.00,-1.67,"5,091.00","1,775,381.00"
6,6,2021-06-27,362.00,376.00,343.00,359.00,1.13,"6,015.00","2,136,375.00"
7,7,2021-06-24,370.00,370.00,343.00,355.00,-2.20,"10,808.00","3,831,303.00"
8,8,2021-06-23,381.00,388.00,363.00,363.00,-4.72,"9,879.00","3,654,440.00"
9,9,2021-06-22,357.00,381.00,344.00,381.00,8.86,"16,652.00","6,004,472.00"
10,10,2021-06-21,364.00,374.00,340.00,350.00,-2.78,"19,022.00","6,801,056.00"
11,11,2021-06-20,391.00,391.00,356.00,360.00,-6.25,"20,617.00","7,576,040.00"
12,12,2021-06-17,381.00,395.00,365.00,384.00,0.79,"26,381.00","10,014,504.00"
13,13,2021-06-16,399.00,414.00,378.00,381.00,-9.29,"56,153.00","21,766,119.00"
14,14,2021-06-15,420.00,436.00,399.00,420.00,-2.10,"49,282.00","20,438,859.00"
15,15,2021-06-14,430.00,465.00,393.00,429.00,1.42,"57,731.00","25,011,023.00"
16,16,2021-06-13,404.00,423.00,395.00,423.00,9.87,"103,814.00","43,592,456.00"
17,17,2021-06-10,333.00,385.00,333.00,385.00,10.00,"113,108.00","43,261,882.00"
18,18,2021-06-09,359.00,359.00,348.00,350.00,-0.57,"13,301.00","4,697,890.00"
19,19,2021-06-08,357.00,363.00,344.00,352.00,0.57,"23,317.00","8,290,727.00"
20,20,2021-06-07,361.00,362.00,343.00,350.00,-1.41,"16,880.00","5,890,574.00"
21,21,2021-06-06,361.00,361.00,340.00,355.00,-3.53,"25,457.00","8,804,875.00"
22,22,2021-06-03,366.00,382.00,356.00,368.00,2.51,"29,007.00","10,603,522.00"
23,23,2021-06-02,347.00,364.00,343.00,359.00,1.41,"14,708.00","5,226,289.00"
24,24,2021-06-01,343.00,363.00,337.00,354.00,1.43,"20,381.00","7,185,855.00"
25,25,2021-05-31,375.00,377.00,346.00,349.00,-6.43,"34,921.00","12,467,758.00"
26,26,2021-05-30,380.00,393.00,357.00,373.00,-0.80,"56,876.00","21,435,793.00"
27,27,2021-05-27,365.00,397.00,361.00,376.00,4.16,"93,589.00","36,181,701.00"
28,28,2021-05-25,351.00,374.00,347.00,361.00,2.85,"29,918.00","10,858,805.00"
29,29,2021-05-24,357.00,371.00,350.00,351.00,0.29,"30,574.00","10,931,722.00"
30,30,2021-05-23,342.00,369.00,342.00,350.00,2.34,"25,332.00","8,867,722.00"
31,31,2021-05-20,380.00,380.00,335.00,342.00,-6.56,"51,082.00","17,717,375.00"
32,32,2021-05-19,388.00,391.00,351.00,366.00,-1.08,"44,009.00","15,965,708.00"
33,33,2021-05-18,348.00,376.00,341.00,370.00,8.19,"72,284.00","26,142,387.00"
34,34,2021-05-17,320.00,347.00,320.00,342.00,8.23,"111,571.00","38,057,238.00"
35,35,2021-05-16,327.00,338.00,315.00,316.00,-1.56,"30,835.00","9,905,863.00"
36,36,2021-05-13,315.00,340.00,314.00,321.00,1.90,"69,689.00","22,754,872.00"
37,37,2021-05-12,308.00,321.00,302.00,315.00,3.62,"27,933.00","8,777,384.00"
38,38,2021-05-11,308.00,313.00,301.00,304.00,-1.30,"7,013.00","2,154,325.00"
39,39,2021-05-10,306.00,309.00,299.00,308.00,1.65,"10,301.00","3,114,993.00"
40,40,2021-05-09,330.00,330.00,299.00,303.00,-3.81,"24,208.00","7,326,142.00"
41,41,2021-05-06,308.00,321.00,303.00,315.00,0.32,"18,691.00","5,835,340.00"
42,42,2021-05-05,310.00,319.00,301.00,314.00,0.32,"14,084.00","4,370,730.00"
43,43,2021-05-04,300.00,322.00,294.00,313.00,2.29,"47,585.00","14,821,367.00"
44,44,2021-05-03,299.00,313.00,299.00,306.00,0.99,"17,841.00","5,488,585.00"
45,45,2021-05-02,295.00,314.00,295.00,303.00,1.00,"11,640.00","3,569,170.00"
46,46,2021-04-29,280.00,300.00,280.00,300.00,5.26,"6,603.00","1,950,244.00"
47,47,2021-04-28,285.00,300.00,285.00,285.00,0.00,"2,827.00","818,270.00"
48,48,2021-04-27,274.00,295.00,274.00,285.00,2.15,"7,220.00","2,077,700.00"
49,49,2021-04-26,287.00,287.00,274.00,279.00,-4.45,"12,258.00","3,418,294.00"
50,50,2021-04-25,295.00,300.00,291.00,292.00,-2.99,"10,923.00","3,215,504.00"
51,51,2021-04-22,299.00,304.00,299.00,301.00,0.67,"7,041.00","2,118,410.00"
52,52,2021-04-21,310.00,310.00,299.00,299.00,-3.55,"9,762.00","2,960,390.00"
53,53,2021-04-20,293.00,317.00,292.00,310.00,4.03,"17,170.00","5,290,540.00"
54,54,2021-04-19,294.00,313.00,294.00,298.00,-0.67,"8,342.00","2,499,943.00"
55,55,2021-04-18,305.00,305.00,291.00,300.00,0.00,"9,185.00","2,752,875.00"
56,56,2021-04-15,307.00,307.00,295.00,300.00,-0.33,"12,945.00","3,860,285.00"
57,57,2021-04-13,300.00,305.00,300.00,301.00,-1.63,"4,044.00","1,217,355.00"
58,58,2021-04-12,309.00,312.00,298.00,306.00,-2.55,"8,245.00","2,507,085.00"
59,59,2021-04-08,307.00,316.00,294.00,314.00,4.32,"19,220.00","5,898,206.00"
60,60,2021-04-07,314.00,320.00,297.00,301.00,-4.14,"22,338.00","6,803,864.00"
61,61,2021-04-06,295.00,316.00,294.00,314.00,4.67,"38,062.00","11,768,967.00"
62,62,2021-04-05,286.00,306.00,281.00,300.00,4.90,"28,661.00","8,536,507.00"
63,63,2021-04-04,274.00,290.00,274.00,286.00,3.25,"17,515.00","4,967,075.00"
64,64,2021-04-01,273.00,287.00,272.00,277.00,0.00,"25,084.00","6,964,536.00"
65,65,2021-03-31,281.00,283.00,275.00,277.00,-1.07,"15,511.00","4,339,630.00"
66,66,2021-03-30,285.00,295.00,280.00,280.00,-1.75,"35,599.00","10,167,602.00"
67,67,2021-03-29,284.00,285.00,263.00,285.00,1.42,"21,761.00","6,037,126.00"
68,68,2021-03-25,278.00,283.00,267.00,281.00,2.55,"32,438.00","8,860,646.00"
69,69,2021-03-24,261.00,278.00,261.00,274.00,3.40,"17,792.00","4,849,891.00"
70,70,2021-03-23,247.00,274.00,247.00,265.00,5.16,"19,946.00","5,228,455.00"
71,71,2021-03-22,263.00,263.00,245.00,252.00,0.40,"5,705.00","1,429,425.00"
72,72,2021-03-21,252.00,264.00,251.00,251.00,-2.33,"9,725.00","2,473,505.00"
73,73,2021-03-18,260.00,273.00,256.00,257.00,0.78,"17,578.00","4,642,620.00"
74,74,2021-03-17,240.00,265.00,238.00,255.00,5.81,"45,224.00","11,676,099.00"
75,75,2021-03-16,240.00,252.00,238.00,241.00,-1.23,"5,255.00","1,268,815.00"
76,76,2021-03-15,238.00,250.00,238.00,244.00,1.24,"4,108.00","1,000,434.00"
77,77,2021-03-14,251.00,256.00,237.00,241.00,-2.43,"7,359.00","1,765,398.00"
78,78,2021-03-10,248.00,252.00,245.00,247.00,1.23,"7,345.00","1,823,351.00"
79,79,2021-03-09,231.00,257.00,231.00,244.00,4.27,"11,281.00","2,783,306.00"
80,80,2021-03-07,235.00,239.00,231.00,234.00,-2.09,"9,210.00","2,162,765.00"
81,81,2021-03-04,232.00,246.00,230.00,239.00,3.91,"5,430.00","1,286,100.00"
82,82,2021-03-03,233.00,239.00,230.00,230.00,-2.95,"4,740.00","1,104,250.00"
83,83,2021-03-02,236.00,249.00,233.00,237.00,-1.25,"7,305.00","1,722,875.00"
84,84,2021-03-01,236.00,248.00,235.00,240.00,0.00,"6,445.00","1,550,690.00"
85,85,2021-02-28,250.00,251.00,233.00,240.00,-5.14,"10,799.00","2,583,673.00"
86,86,2021-02-25,247.00,260.00,245.00,253.00,0.40,"4,514.00","1,124,380.00"
87,87,2021-02-24,255.00,260.00,247.00,252.00,-0.40,"3,830.00","959,410.00"
88,88,2021-02-23,257.00,264.00,241.00,253.00,-1.56,"7,210.00","1,783,070.00"
89,89,2021-02-22,265.00,270.00,248.00,257.00,-1.15,"14,397.00","3,748,807.00"
90,90,2021-02-21,257.00,261.00,243.00,260.00,3.17,"14,134.00","3,631,842.00"
91,91,2021-02-18,247.00,255.00,247.00,252.00,0.00,"17,559.00","4,385,862.00"
92,92,2021-02-17,250.00,255.00,246.00,252.00,0.80,"14,202.00","3,556,795.00"
93,93,2021-02-16,260.00,270.00,248.00,250.00,-5.66,"23,038.00","5,823,529.00"
94,94,2021-02-15,256.00,271.00,255.00,265.00,2.32,"9,706.00","2,519,890.00"
95,95,2021-02-14,263.00,263.00,247.00,259.00,0.39,"7,872.00","1,999,011.00"
96,96,2021-02-11,270.00,270.00,255.00,258.00,-6.18,"53,842.00","13,957,567.00"
97,97,2021-02-08,274.00,298.00,260.00,275.00,1.48,"47,341.00","13,013,485.00"
98,98,2021-02-07,251.00,271.00,251.00,271.00,9.72,"42,127.00","11,022,137.00"
99,99,2021-02-04,222.00,247.00,222.00,247.00,9.78,"73,298.00","17,761,580.00"
100,100,2021-02-03,226.00,242.00,224.00,225.00,-1.32,"19,960.00","4,631,009.00"
101,101,2021-02-02,221.00,230.00,221.00,228.00,1.33,"7,345.00","1,665,495.00"
102,102,2021-02-01,212.00,229.00,212.00,225.00,5.14,"7,347.00","1,664,017.00"
103,103,2021-01-31,220.00,220.00,213.00,214.00,-3.17,"4,548.00","982,552.00"
104,104,2021-01-28,223.00,230.00,221.00,221.00,-2.21,"9,325.00","2,100,461.00"
105,105,2021-01-27,230.00,231.00,225.00,226.00,-3.42,"5,940.00","1,356,490.00"
106,106,2021-01-26,230.00,236.00,228.00,234.00,1.30,"20,263.00","4,677,880.00"
107,107,2021-01-25,230.00,238.00,224.00,231.00,-1.28,"14,936.00","3,460,744.00"
108,108,2021-01-24,223.00,239.00,223.00,234.00,6.85,"21,350.00","4,985,666.00"
109,109,2021-01-21,214.00,226.00,213.00,219.00,4.29,"25,851.00","5,664,381.00"
110,110,2021-01-20,207.00,211.00,207.00,210.00,0.48,"6,997.00","1,465,106.00"
111,111,2021-01-19,205.00,215.00,205.00,209.00,0.48,"4,560.00","957,100.00"
112,112,2021-01-18,200.00,217.00,200.00,208.00,-0.48,"5,700.00","1,195,120.00"
113,113,2021-01-17,209.00,210.00,205.00,209.00,0.00,"4,050.00","839,040.00"
114,114,2021-01-13,208.00,212.00,204.00,209.00,0.48,"4,490.00","934,716.00"
115,115,2021-01-12,204.00,210.00,202.00,208.00,1.96,"4,255.00","880,990.00"
116,116,2021-01-11,200.00,213.00,200.00,204.00,0.00,"5,010.00","1,016,210.00"
117,117,2021-01-10,200.00,210.00,200.00,204.00,0.49,"2,880.00","591,350.00"
118,118,2021-01-07,204.00,209.00,201.00,203.00,-2.40,"5,010.00","1,027,970.00"
119,119,2021-01-06,209.00,217.00,205.00,208.00,1.46,"3,580.00","751,780.00"
120,120,2021-01-05,200.00,217.00,196.00,205.00,3.54,"6,297.00","1,300,242.00"
121,121,2021-01-04,194.00,201.00,194.00,198.00,1.02,"2,640.00","523,700.00"
122,122,2021-01-03,193.00,202.00,193.00,196.00,0.00,"3,670.00","720,380.00"
123,123,2020-12-31,196.00,199.00,193.00,196.00,0.00,"2,010.00","394,250.00"
124,124,2020-12-30,194.00,199.00,191.00,196.00,0.00,"1,620.00","313,810.00"
125,125,2020-12-29,196.00,202.00,193.00,196.00,-2.00,"1,980.00","392,330.00"
126,126,2020-12-28,196.00,204.00,194.00,200.00,0.00,"2,600.00","518,300.00"
127,127,2020-12-27,205.00,205.00,198.00,200.00,-3.85,"3,475.00","702,580.00"
128,128,2020-12-24,199.00,208.00,195.00,208.00,4.52,"4,280.00","856,810.00"
129,129,2020-12-23,207.00,211.00,199.00,199.00,-3.40,"9,760.00","1,993,490.00"
130,130,2020-12-22,195.00,217.00,195.00,206.00,4.04,"13,405.00","2,754,680.00"
131,131,2020-12-21,193.00,200.00,184.00,198.00,1.02,"4,289.00","833,866.00"
132,132,2020-12-20,209.00,213.00,196.00,196.00,-7.98,"4,060.00","831,340.00"
133,133,2020-12-17,217.00,226.00,213.00,213.00,-3.18,"8,230.00","1,793,570.00"
134,134,2020-12-16,218.00,228.00,214.00,220.00,-0.45,"5,770.00","1,272,520.00"
135,135,2020-12-15,220.00,228.00,220.00,221.00,-0.45,"3,865.00","858,755.00"
136,136,2020-12-14,220.00,226.00,220.00,222.00,0.91,"9,007.00","2,011,894.00"
137,137,2020-12-13,219.00,225.00,219.00,220.00,-1.35,"8,790.00","1,947,340.00"
138,138,2020-12-10,221.00,230.00,217.00,223.00,-0.89,"5,360.00","1,208,720.00"
139,139,2020-12-09,226.00,235.00,222.00,225.00,-2.17,"7,840.00","1,778,585.00"
140,140,2020-12-08,225.00,244.00,219.00,230.00,0.44,"9,920.00","2,239,605.00"
141,141,2020-12-07,219.00,232.00,213.00,229.00,4.57,"8,675.00","1,943,691.00"
142,142,2020-12-06,234.00,234.00,219.00,219.00,-7.20,"10,850.00","2,445,506.00"
143,143,2020-12-03,241.00,241.00,234.00,236.00,-3.67,"5,824.00","1,372,710.00"
144,144,2020-12-02,250.00,265.00,235.00,245.00,-1.61,"20,825.00","5,066,216.00"
145,145,2020-12-01,245.00,249.00,241.00,249.00,-0.40,"23,460.00","5,777,530.00"
146,146,2020-11-30,231.00,250.00,231.00,250.00,6.38,"15,102.00","3,622,837.00"
147,147,2020-11-29,239.00,243.00,231.00,235.00,-3.29,"13,740.00","3,249,641.00"
148,148,2020-11-26,221.00,243.00,221.00,243.00,9.95,"63,166.00","15,186,772.00"
149,149,2020-11-25,216.00,231.00,216.00,221.00,0.91,"20,877.00","4,657,971.00"
150,150,2020-11-24,210.00,226.00,207.00,219.00,2.82,"14,229.00","3,132,565.00"
151,151,2020-11-23,212.00,219.00,209.00,213.00,-1.39,"5,550.00","1,191,910.00"
152,152,2020-11-22,218.00,228.00,214.00,216.00,-0.46,"15,115.00","3,340,270.00"
153,153,2020-11-19,215.00,220.00,209.00,217.00,0.93,"2,790.00","594,320.00"
154,154,2020-11-18,218.00,218.00,209.00,215.00,-3.15,"3,220.00","684,840.00"
155,155,2020-11-12,218.00,222.00,212.00,222.00,0.45,"13,643.00","3,001,142.00"
156,156,2020-11-11,221.00,226.00,217.00,221.00,-0.45,"9,084.00","2,010,738.00"
157,157,2020-11-10,216.00,222.00,212.00,222.00,0.91,"7,185.00","1,562,000.00"
158,158,2020-11-09,234.00,234.00,216.00,220.00,-4.35,"17,770.00","3,886,952.00"
159,159,2020-11-08,225.00,230.00,215.00,230.00,2.22,"22,630.00","5,099,895.00"
160,160,2020-11-05,226.00,230.00,213.00,225.00,4.17,"37,710.00","8,384,950.00"
161,161,2020-11-04,207.00,218.00,201.00,216.00,6.40,"42,160.00","8,854,697.00"
162,162,2020-11-03,183.00,203.00,182.00,203.00,9.73,"45,343.00","8,890,719.00"
163,163,2020-11-02,185.00,195.00,181.00,185.00,1.65,"12,355.00","2,306,195.00"
164,164,2020-11-01,177.00,186.00,177.00,182.00,1.68,"9,655.00","1,750,120.00"
165,165,2020-10-29,182.00,182.00,176.00,179.00,-1.65,"2,870.00","512,270.00"
166,166,2020-10-28,177.00,183.00,175.00,182.00,1.11,"5,960.00","1,057,180.00"
167,167,2020-10-22,181.00,185.00,178.00,180.00,-1.10,"9,759.00","1,762,946.00"
168,168,2020-10-21,196.00,196.00,180.00,182.00,-2.67,"21,725.00","4,003,600.00"
169,169,2020-10-20,182.00,189.00,179.00,187.00,1.08,"17,271.00","3,170,252.00"
170,170,2020-10-19,171.00,185.00,171.00,185.00,6.94,"8,578.00","1,515,265.00"
171,171,2020-10-18,172.00,177.00,170.00,173.00,-1.14,"5,030.00","870,940.00"
172,172,2020-10-15,176.00,180.00,173.00,175.00,1.16,"10,262.00","1,804,392.00"
173,173,2020-10-14,182.00,182.00,169.00,173.00,-0.57,"12,705.00","2,198,945.00"
174,174,2020-10-13,182.00,183.00,174.00,174.00,-4.40,"9,145.00","1,621,755.00"
175,175,2020-10-12,183.00,188.00,175.00,182.00,-2.15,"13,020.00","2,352,580.00"
176,176,2020-10-11,190.00,193.00,180.00,186.00,-2.11,"12,598.00","2,337,356.00"
177,177,2020-10-08,208.00,208.00,188.00,190.00,-6.86,"20,257.00","3,937,329.00"
178,178,2020-10-07,183.00,204.00,180.00,204.00,9.68,"75,041.00","14,934,432.00"
179,179,2020-10-06,172.00,190.00,172.00,186.00,6.29,"48,337.00","8,707,291.00"
180,180,2020-10-05,172.00,178.00,160.00,175.00,0.00,"24,590.00","4,232,915.00"
181,181,2020-10-04,163.00,175.00,158.00,175.00,5.42,"11,050.00","1,804,610.00"
182,182,2020-10-01,165.00,173.00,165.00,166.00,-1.19,"23,410.00","3,977,472.00"
183,183,2020-09-30,173.00,174.00,164.00,168.00,-2.89,"21,670.00","3,660,310.00"
184,184,2020-09-29,162.00,173.00,161.00,173.00,4.85,"20,120.00","3,366,200.00"
185,185,2020-09-28,171.00,172.00,161.00,165.00,-5.17,"12,450.00","2,055,100.00"
186,186,2020-09-27,161.00,177.00,160.00,174.00,8.07,"86,103.00","14,980,068.00"
187,187,2020-09-24,151.00,164.00,147.00,161.00,4.55,"41,109.00","6,451,518.00"
188,188,2020-09-23,143.00,154.00,143.00,154.00,6.21,"23,049.00","3,443,895.00"
189,189,2020-09-22,147.00,148.00,140.00,145.00,-1.36,"15,250.00","2,192,200.00"
190,190,2020-09-21,145.00,157.00,139.00,147.00,0.00,"10,075.00","1,484,275.00"
191,191,2020-09-20,166.00,172.00,147.00,147.00,-9.82,"22,544.00","3,514,472.00"
192,192,2020-09-17,148.00,163.00,145.00,163.00,9.40,"54,315.00","8,558,155.00"
193,193,2020-09-16,136.00,150.00,136.00,149.00,8.76,"27,589.00","4,015,283.00"
194,194,2020-09-15,139.00,141.00,135.00,137.00,-2.84,"6,318.00","871,268.00"
195,195,2020-09-14,131.00,145.00,131.00,141.00,6.02,"11,702.00","1,629,570.00"
196,196,2020-09-13,128.00,140.00,128.00,133.00,2.31,"6,940.00","920,208.00"
197,197,2020-09-10,127.00,136.00,123.00,130.00,1.56,"4,460.00","578,760.00"
198,198,2020-09-09,130.00,132.00,126.00,128.00,-1.54,"4,510.00","582,210.00"
199,199,2020-09-08,132.00,133.00,127.00,130.00,-2.99,"3,220.00","416,500.00"
200,200,2020-09-07,134.00,146.00,122.00,134.00,0.00,"4,410.00","580,240.00"
201,201,2020-09-06,135.00,139.00,133.00,134.00,0.75,"8,020.00","1,089,410.00"
202,202,2020-09-03,150.00,157.00,132.00,133.00,-6.99,"19,370.00","2,803,430.00"
203,203,2020-09-02,132.00,143.00,132.00,143.00,10.00,"20,426.00","2,867,232.00"
204,204,2020-08-31,124.00,130.00,122.00,130.00,9.24,"18,300.00","2,375,010.00"
205,205,2020-08-30,114.00,119.00,114.00,119.00,3.48,"1,320.00","153,300.00"
206,206,2020-08-27,113.00,117.00,113.00,115.00,0.88,"3,560.00","409,320.00"
207,207,2020-08-26,113.00,115.00,112.00,114.00,-0.87,"1,520.00","172,750.00"
208,208,2020-08-25,114.00,116.00,113.00,115.00,0.88,"4,070.00","466,410.00"
209,209,2020-08-24,114.00,118.00,114.00,114.00,0.00,"4,420.00","510,060.00"
210,210,2020-08-23,115.00,116.00,113.00,114.00,0.00,930.00,"106,260.00"
211,211,2020-08-20,113.00,116.00,113.00,114.00,0.00,"1,000.00","114,350.00"
212,212,2020-08-19,113.00,116.00,113.00,114.00,0.88,"1,925.00","220,615.00"
213,213,2020-08-18,112.00,116.00,112.00,113.00,0.89,"2,000.00","228,540.00"
214,214,2020-08-17,112.00,113.00,111.00,112.00,-0.88,"2,270.00","254,430.00"
215,215,2020-08-16,113.00,114.00,113.00,113.00,0.00,"2,260.00","255,550.00"
216,216,2020-08-13,113.00,115.00,113.00,113.00,-0.88,"1,570.00","178,820.00"
217,217,2020-08-12,114.00,115.00,114.00,114.00,-0.87,"1,020.00","116,890.00"
218,218,2020-08-11,114.00,116.00,114.00,115.00,0.00,"3,490.00","401,500.00"
219,219,2020-08-10,113.00,115.00,113.00,115.00,0.00,"1,445.00","164,505.00"
220,220,2020-08-09,112.00,115.00,112.00,115.00,1.77,"1,280.00","144,970.00"
221,221,2020-08-06,114.00,114.00,112.00,113.00,-0.88,"1,180.00","133,770.00"
222,222,2020-08-05,114.00,116.00,113.00,114.00,-1.72,890.00,"101,740.00"
223,223,2020-08-03,117.00,118.00,114.00,116.00,-1.69,"1,520.00","175,620.00"
224,224,2020-08-02,115.00,124.00,115.00,118.00,0.85,"8,895.00","1,067,850.00"
225,225,2020-07-30,120.00,121.00,115.00,117.00,-1.68,"1,720.00","202,110.00"
226,226,2020-07-29,119.00,119.00,113.00,119.00,4.39,"2,340.00","270,700.00"
227,227,2020-07-28,113.00,114.00,112.00,114.00,0.88,"2,170.00","245,180.00"
228,228,2020-07-27,116.00,121.00,112.00,113.00,-4.24,"3,850.00","435,780.00"
229,229,2020-07-26,114.00,118.00,113.00,118.00,2.61,"6,070.00","692,570.00"
230,230,2020-07-23,112.00,115.00,112.00,115.00,2.68,"1,300.00","147,420.00"
231,231,2020-07-22,112.00,115.00,112.00,112.00,-0.88,"1,630.00","183,830.00"
232,232,2020-07-21,113.00,115.00,113.00,113.00,0.00,"4,170.00","474,550.00"
233,233,2020-07-20,115.00,117.00,113.00,113.00,-1.74,630.00,"71,450.00"
234,234,2020-07-16,110.00,119.00,110.00,115.00,5.50,"5,390.00","613,160.00"
235,235,2020-07-15,107.00,112.00,107.00,109.00,1.87,"3,100.00","340,650.00"
236,236,2020-07-14,106.00,109.00,106.00,107.00,0.00,840.00,"90,260.00"
237,237,2020-07-13,107.00,109.00,107.00,107.00,0.00,"1,540.00","165,960.00"
238,238,2020-07-12,106.00,109.00,105.00,107.00,-0.93,"1,860.00","200,600.00"
239,239,2020-07-09,108.00,109.00,106.00,108.00,-1.82,"8,317.00","898,406.00"
240,240,2020-07-08,109.00,110.00,106.00,110.00,-0.90,570.00,"61,380.00"
241,241,2020-07-07,103.00,111.00,102.00,111.00,7.77,"2,579.00","267,917.00"
242,242,2020-07-06,100.00,105.00,100.00,103.00,0.98,"1,160.00","119,560.00"
243,243,2020-07-05,100.00,104.00,100.00,102.00,0.00,520.00,"52,960.00"
244,244,2020-07-02,102.00,102.00,102.00,102.00,-1.92,"1,050.00","107,100.00"
245,245,2020-07-01,104.00,104.00,104.00,104.00,1.96,40.00,"4,160.00"
246,246,2020-06-30,101.00,102.00,101.00,102.00,2.00,80.00,"8,130.00"
247,247,2020-06-29,105.00,105.00,98.00,100.00,-7.48,"1,450.00","145,130.00"
248,248,2020-03-19,105.00,107.00,104.00,107.00,0.00,330.00,"34,860.00"
249,249,2020-03-18,105.00,107.00,104.00,107.00,0.00,740.00,"78,240.00"
250,250,2020-03-17,109.00,112.00,105.00,107.00,-2.73,"2,020.00","215,460.00"
251,251,2020-03-16,108.00,112.00,108.00,110.00,0.00,"1,510.00","165,690.00"
252,252,2020-03-15,110.00,114.00,104.00,110.00,-1.79,"1,390.00","152,815.00"
253,253,2020-03-12,119.00,119.00,111.00,112.00,-4.27,"1,430.00","162,500.00"
254,254,2020-03-11,110.00,119.00,110.00,117.00,4.46,"1,690.00","192,130.00"
255,255,2020-03-10,115.00,115.00,112.00,112.00,-3.45,340.00,"38,480.00"
256,256,2020-03-05,118.00,120.00,116.00,116.00,-2.52,"1,690.00","199,310.00"
257,257,2020-03-04,120.00,122.00,118.00,119.00,-2.46,"2,270.00","271,070.00"
258,258,2020-03-03,121.00,125.00,120.00,122.00,0.00,"2,620.00","319,540.00"
259,259,2020-03-02,126.00,126.00,122.00,122.00,-1.61,"1,150.00","141,340.00"
260,260,2020-03-01,130.00,132.00,124.00,124.00,-4.62,"1,910.00","244,420.00"
261,261,2020-02-27,129.00,132.00,127.00,130.00,0.00,"3,410.00","439,660.00"
262,262,2020-02-26,132.00,136.00,130.00,130.00,0.00,"6,116.00","807,660.00"
263,263,2020-02-25,129.00,133.00,128.00,130.00,-0.76,"6,890.00","898,410.00"
264,264,2020-02-24,129.00,131.00,123.00,131.00,0.00,"2,950.00","376,030.00"
265,265,2020-02-23,125.00,131.00,123.00,131.00,3.15,"8,070.00","1,006,270.00"
266,266,2020-02-20,125.00,127.00,123.00,127.00,0.00,"1,270.00","158,830.00"
267,267,2020-02-19,125.00,129.00,123.00,127.00,0.00,790.00,"99,720.00"
268,268,2020-02-18,131.00,132.00,127.00,127.00,-4.51,"5,690.00","738,610.00"
269,269,2020-02-17,127.00,133.00,124.00,133.00,3.10,"5,450.00","701,802.00"
270,270,2020-02-16,121.00,131.00,120.00,129.00,4.88,"3,400.00","431,110.00"
271,271,2020-02-13,121.00,125.00,121.00,123.00,0.00,"1,121.00","138,353.00"
272,272,2020-02-12,124.00,126.00,122.00,123.00,-1.60,"1,150.00","142,760.00"
273,273,2020-02-11,121.00,127.00,121.00,125.00,1.63,"1,030.00","127,800.00"
274,274,2020-02-10,123.00,125.00,123.00,123.00,-1.60,725.00,"89,900.00"
275,275,2020-02-09,125.00,129.00,123.00,125.00,-0.79,"14,241.00","1,768,098.00"
276,276,2020-02-06,123.00,126.00,121.00,126.00,1.61,670.00,"82,560.00"
277,277,2020-02-05,122.00,125.00,120.00,124.00,0.00,"1,060.00","130,480.00"
278,278,2020-02-04,125.00,127.00,123.00,124.00,-2.36,"1,930.00","240,200.00"
279,279,2020-02-03,120.00,129.00,120.00,127.00,4.10,"4,160.00","518,930.00"
280,280,2020-02-02,121.00,124.00,117.00,122.00,-0.81,"8,920.00","1,086,430.00"
281,281,2020-01-30,122.00,125.00,122.00,123.00,-0.81,770.00,"95,120.00"
282,282,2020-01-29,120.00,124.00,119.00,124.00,3.33,440.00,"53,520.00"
283,283,2020-01-28,121.00,125.00,120.00,120.00,-1.64,"6,860.00","847,940.00"
284,284,2020-01-27,121.00,125.00,119.00,122.00,0.00,"18,295.00","2,244,365.00"
285,285,2020-01-26,120.00,124.00,120.00,122.00,0.00,"2,990.00","366,030.00"
286,286,2020-01-23,126.00,126.00,121.00,122.00,-3.17,"2,360.00","293,280.00"
287,287,2020-01-22,136.00,136.00,126.00,126.00,-8.70,350.00,"45,660.00"
288,288,2020-01-21,125.00,138.00,121.00,138.00,9.52,"2,280.00","295,890.00"
289,289,2020-01-20,140.00,140.00,126.00,126.00,-10.00,"3,170.00","418,330.00"
290,290,2020-01-19,140.00,154.00,140.00,140.00,-0.71,"7,680.00","1,103,614.00"
291,291,2020-01-16,135.00,141.00,130.00,141.00,4.44,"5,340.00","712,990.00"
292,292,2020-01-15,121.00,135.00,119.00,135.00,9.76,"4,328.00","552,470.00"
293,293,2020-01-14,122.00,125.00,117.00,123.00,0.00,"1,270.00","154,640.00"
294,294,2020-01-13,118.00,130.00,116.00,123.00,3.36,"11,477.00","1,386,111.00"
295,295,2020-01-12,113.00,119.00,113.00,119.00,3.48,960.00,"112,760.00"
296,296,2020-01-09,114.00,116.00,114.00,115.00,0.00,"1,152.00","132,790.00"
297,297,2020-01-08,114.00,117.00,113.00,115.00,1.77,"2,840.00","327,170.00"
298,298,2020-01-07,114.00,116.00,112.00,113.00,0.89,"2,138.00","240,482.00"
299,299,2020-01-06,109.00,113.00,107.00,112.00,0.90,"8,160.00","891,010.00"
300,300,2020-01-05,113.00,115.00,111.00,111.00,-1.77,"2,390.00","270,050.00"
301,301,2020-01-02,110.00,113.00,109.00,113.00,2.73,"3,330.00","371,640.00"
302,302,2020-01-01,108.00,110.00,107.00,110.00,1.85,"5,730.00","624,320.00"
303,303,2019-12-31,106.00,109.00,105.00,108.00,0.00,"1,420.00","149,980.00"
304,304,2019-12-30,108.00,108.00,107.00,108.00,0.00,420.00,"44,990.00"
305,305,2019-12-29,107.00,109.00,106.00,108.00,-0.92,"1,045.00","111,755.00"
306,306,2019-12-26,116.00,116.00,108.00,109.00,-7.63,840.00,"92,100.00"
307,307,2019-12-25,116.00,118.00,106.00,118.00,1.72,"3,720.00","429,020.00"
308,308,2019-12-24,104.00,116.00,104.00,116.00,9.43,"1,985.00","223,660.00"
309,309,2019-12-23,112.00,112.00,106.00,106.00,-7.02,308.00,"33,354.00"
310,310,2019-12-22,104.00,114.00,104.00,114.00,9.62,"1,330.00","145,580.00"
311,311,2019-12-19,103.00,105.00,103.00,104.00,0.00,340.00,"35,370.00"
312,312,2019-12-18,106.00,106.00,104.00,104.00,-3.70,220.00,"23,080.00"
313,313,2019-12-17,105.00,108.00,105.00,108.00,2.86,800.00,"85,570.00"
314,314,2019-12-16,104.00,107.00,104.00,105.00,-0.94,550.00,"58,240.00"
315,315,2019-12-15,109.00,109.00,105.00,106.00,-2.75,"4,410.00","477,340.00"
316,316,2019-12-12,108.00,116.00,107.00,109.00,0.00,"1,428.00","158,464.00"
317,317,2019-12-11,107.00,109.00,106.00,109.00,1.87,"1,620.00","172,930.00"
318,318,2019-12-10,103.00,108.00,103.00,107.00,4.90,"5,090.00","535,880.00"
319,319,2019-12-09,100.00,104.00,100.00,102.00,0.00,360.00,"37,240.00"
320,320,2019-12-08,100.00,103.00,100.00,102.00,0.00,290.00,"29,350.00"
321,321,2019-12-05,103.00,105.00,101.00,102.00,-2.86,"1,210.00","123,970.00"
322,322,2019-12-04,102.00,105.00,102.00,105.00,0.96,210.00,"21,760.00"
323,323,2019-12-03,102.00,106.00,102.00,104.00,0.00,370.00,"38,580.00"
324,324,2019-12-02,100.00,104.00,100.00,104.00,4.00,560.00,"56,690.00"
325,325,2019-12-01,104.00,104.00,100.00,100.00,-3.85,910.00,"93,060.00"
326,326,2019-11-28,98.00,104.00,97.00,104.00,5.05,420.00,"42,580.00"
327,327,2019-11-27,99.00,100.00,99.00,99.00,-1.98,170.00,"16,900.00"
328,328,2019-11-26,102.00,106.00,100.00,101.00,-0.98,580.00,"58,840.00"
329,329,2019-11-25,100.00,102.00,100.00,102.00,0.99,250.00,"25,070.00"
330,330,2019-11-24,101.00,101.00,100.00,101.00,-1.94,890.00,"89,870.00"
331,331,2019-11-21,103.00,104.00,103.00,103.00,0.00,850.00,"88,010.00"
332,332,2019-11-20,105.00,107.00,103.00,103.00,-3.74,790.00,"83,010.00"
333,333,2019-11-19,107.00,107.00,104.00,107.00,-0.93,"3,250.00","343,730.00"
334,334,2019-11-18,117.00,123.00,108.00,108.00,-3.57,"5,020.00","587,050.00"
335,335,2019-11-17,104.00,112.00,104.00,112.00,9.80,"3,170.00","353,740.00"
336,336,2019-11-14,94.00,102.00,94.00,102.00,9.68,"5,190.00","527,840.00"
337,337,2019-11-13,92.00,94.00,91.00,93.00,1.09,984.00,"92,002.00"
338,338,2019-11-12,92.00,93.00,92.00,92.00,-1.08,200.00,"18,430.00"
339,339,2019-11-11,93.00,94.00,92.00,93.00,0.00,450.00,"41,790.00"
340,340,2019-11-10,95.00,96.00,93.00,93.00,-3.13,740.00,"69,540.00"
341,341,2019-11-07,96.00,96.00,93.00,96.00,-1.03,840.00,"79,620.00"
342,342,2019-11-06,96.00,97.00,95.00,97.00,0.00,470.00,"44,990.00"
343,343,2019-11-05,96.00,98.00,96.00,97.00,1.04,560.00,"54,260.00"
344,344,2019-11-04,95.00,97.00,94.00,96.00,0.00,430.00,"41,280.00"
345,345,2019-11-03,93.00,96.00,92.00,96.00,2.13,570.00,"53,410.00"
346,346,2019-10-31,94.00,94.00,93.00,94.00,-1.05,200.00,"18,790.00"
347,347,2019-10-24,91.00,95.00,91.00,95.00,3.26,150.00,"13,960.00"
348,348,2019-10-23,92.00,93.00,92.00,92.00,-1.08,380.00,"35,060.00"
349,349,2019-10-22,92.00,94.00,92.00,93.00,0.00,150.00,"13,940.00"
350,350,2019-10-21,92.00,93.00,92.00,93.00,0.00,330.00,"30,410.00"
351,351,2019-10-20,93.00,94.00,93.00,93.00,-1.06,130.00,"12,150.00"
352,352,2019-10-17,93.00,94.00,93.00,94.00,1.08,220.00,"20,510.00"
353,353,2019-10-16,94.00,94.00,93.00,93.00,0.00,629.00,"59,096.00"
354,354,2019-10-15,92.00,93.00,92.00,93.00,1.09,110.00,"10,220.00"
355,355,2019-10-14,93.00,93.00,92.00,92.00,-1.08,470.00,"43,610.00"
356,356,2019-10-10,93.00,93.00,93.00,93.00,-1.06,70.00,"6,510.00"
357,357,2019-10-02,94.00,94.00,93.00,94.00,-1.05,280.00,"26,240.00"
358,358,2019-10-01,95.00,95.00,94.00,95.00,0.00,725.00,"68,835.00"
359,359,2019-09-30,95.00,95.00,95.00,95.00,-1.04,60.00,"5,700.00"
360,360,2019-09-29,95.00,98.00,95.00,96.00,1.05,"1,430.00","138,180.00"
361,361,2019-09-26,91.00,95.00,90.00,95.00,3.26,450.00,"41,990.00"
362,362,2019-09-25,92.00,92.00,92.00,92.00,-1.08,170.00,"15,640.00"
363,363,2019-09-24,92.00,93.00,92.00,93.00,1.09,310.00,"28,680.00"
364,364,2019-09-23,91.00,94.00,91.00,92.00,0.00,560.00,"51,660.00"
365,365,2019-09-22,96.00,96.00,91.00,92.00,-5.15,350.00,"32,200.00"
366,366,2019-09-19,96.00,97.00,96.00,97.00,2.11,240.00,"23,150.00"
367,367,2019-09-18,92.00,96.00,92.00,95.00,2.15,760.00,"72,560.00"
368,368,2019-09-17,93.00,93.00,91.00,93.00,0.00,"2,680.00","245,270.00"
369,369,2019-09-16,95.00,95.00,93.00,93.00,-2.11,"1,440.00","135,390.00"
370,370,2019-09-15,96.00,96.00,92.00,95.00,0.00,"1,120.00","106,410.00"
371,371,2019-09-12,99.00,99.00,94.00,95.00,-4.04,"1,181.00","112,386.00"
372,372,2019-09-11,99.00,99.00,98.00,99.00,1.02,"1,000.00","98,640.00"
373,373,2019-09-10,98.00,98.00,96.00,98.00,-1.01,390.00,"38,070.00"
374,374,2019-09-09,97.00,99.00,96.00,99.00,2.06,380.00,"36,890.00"
375,375,2019-09-08,104.00,104.00,97.00,97.00,-8.49,730.00,"72,830.00"
376,376,2019-09-05,104.00,106.00,99.00,106.00,0.00,"1,110.00","112,530.00"
377,377,2019-09-04,97.00,99.00,100.00,106.00,9.28,420.00,"41,690.00"
378,378,2019-09-03,99.00,100.00,94.00,97.00,-1.02,"1,788.00","172,984.00"
379,379,2019-09-02,100.00,100.00,98.00,98.00,-2.00,"1,500.00","148,660.00"
380,380,2019-09-01,98.00,102.00,98.00,100.00,0.00,610.00,"60,940.00"
381,381,2019-08-29,100.00,102.00,100.00,100.00,-1.96,580.00,"58,350.00"
382,382,2019-08-28,100.00,103.00,100.00,102.00,0.00,"2,530.00","257,850.00"
383,383,2019-08-27,103.00,103.00,102.00,102.00,-2.86,340.00,"34,810.00"
384,384,2019-08-26,102.00,105.00,102.00,105.00,1.94,620.00,"63,540.00"
385,385,2019-08-25,109.00,109.00,101.00,103.00,-7.21,"1,000.00","102,980.00"
386,386,2019-08-22,107.00,111.00,105.00,111.00,1.83,"3,900.00","413,090.00"
387,387,2019-08-21,102.00,99.00,100.00,109.00,4.81,"6,490.00","656,724.00"
388,388,2019-08-20,113.00,113.00,104.00,104.00,-9.57,"19,951.00","2,101,114.00"
389,389,2019-08-19,115.00,117.00,113.00,115.00,-1.71,"1,165.00","133,935.00"
390,390,2019-08-18,114.00,117.00,113.00,117.00,0.86,"1,000.00","114,110.00"
391,391,2019-08-15,118.00,119.00,114.00,116.00,-3.33,"1,220.00","142,760.00"
392,392,2019-08-14,120.00,122.00,120.00,120.00,-1.64,900.00,"108,580.00"
393,393,2019-08-13,125.00,126.00,119.00,122.00,-3.17,"8,400.00","1,025,560.00"
394,394,2019-08-12,125.00,127.00,124.00,126.00,0.00,"1,860.00","233,940.00"
395,395,2019-08-11,135.00,135.00,126.00,126.00,-8.03,870.00,"110,760.00"
396,396,2019-08-07,131.00,137.00,128.00,137.00,3.01,"1,060.00","137,440.00"
397,397,2019-08-06,130.00,133.00,128.00,133.00,0.76,840.00,"109,220.00"
398,398,2019-08-05,129.00,132.00,129.00,132.00,0.76,970.00,"126,710.00"
399,399,2019-08-04,133.00,133.00,130.00,131.00,-2.96,"1,860.00","243,710.00"
400,400,2019-08-01,133.00,137.00,131.00,135.00,0.00,730.00,"96,770.00"
401,401,2019-07-31,135.00,135.00,132.00,135.00,-1.46,876.00,"116,652.00"
402,402,2019-07-30,131.00,137.00,130.00,137.00,3.01,"1,468.00","193,986.00"
403,403,2019-07-29,130.00,136.00,130.00,133.00,0.76,"1,290.00","170,570.00"
404,404,2019-07-28,138.00,138.00,132.00,132.00,-5.71,"1,920.00","257,050.00"
405,405,2019-07-24,134.00,140.00,134.00,140.00,0.72,"1,650.00","224,040.00"
406,406,2019-07-23,138.00,139.00,135.00,139.00,2.21,"1,480.00","201,010.00"
407,407,2019-07-22,135.00,138.00,134.00,136.00,0.74,"1,651.00","223,796.00"
408,408,2019-07-21,137.00,137.00,134.00,135.00,0.00,410.00,"55,560.00"
409,409,2019-07-18,137.00,140.00,135.00,135.00,-2.88,270.00,"37,070.00"
410,410,2019-07-17,135.00,139.00,135.00,139.00,1.46,"1,610.00","219,620.00"
411,411,2019-07-16,135.00,137.00,135.00,137.00,0.00,"1,159.00","157,863.00"
412,412,2019-07-15,134.00,137.00,134.00,137.00,0.74,"1,730.00","234,800.00"
413,413,2019-07-14,134.00,138.00,134.00,136.00,0.00,980.00,"133,220.00"
414,414,2019-07-11,135.00,137.00,135.00,136.00,0.00,"1,010.00","137,670.00"
415,415,2019-07-10,137.00,138.00,135.00,136.00,-2.16,"2,269.00","309,164.00"
416,416,2019-07-09,135.00,139.00,135.00,139.00,1.46,"1,130.00","155,160.00"
417,417,2019-07-08,138.00,138.00,136.00,137.00,-2.14,"4,150.00","569,330.00"
418,418,2019-07-07,139.00,140.00,138.00,140.00,1.45,"3,770.00","521,580.00"
419,419,2019-07-04,144.00,144.00,138.00,138.00,-3.50,"2,150.00","300,310.00"
420,420,2019-07-03,139.00,143.00,138.00,143.00,2.14,"3,190.00","444,210.00"
421,421,2019-07-02,137.00,140.00,136.00,140.00,2.19,"5,050.00","693,940.00"
422,422,2019-07-01,140.00,140.00,137.00,137.00,-3.52,880.00,"121,035.00"
423,423,2019-06-30,135.00,148.00,135.00,142.00,0.71,"2,270.00","314,160.00"
424,424,2019-06-27,146.00,146.00,138.00,141.00,-4.73,"9,420.00","1,311,410.00"
425,425,2019-06-26,137.00,148.00,136.00,148.00,6.47,"8,790.00","1,258,550.00"
426,426,2019-06-25,139.00,141.00,136.00,139.00,-1.42,"2,865.00","398,410.00"
427,427,2019-06-24,137.00,141.00,136.00,141.00,1.44,"1,110.00","152,570.00"
428,428,2019-06-23,144.00,144.00,136.00,139.00,-4.79,"3,204.00","444,506.00"
429,429,2019-06-20,136.00,148.00,134.00,146.00,5.80,"9,421.00","1,347,096.00"
430,430,2019-06-19,136.00,140.00,136.00,138.00,1.47,"6,140.00","850,180.00"
431,431,2019-06-18,134.00,140.00,133.00,136.00,0.00,"4,539.00","616,125.00"
432,432,2019-06-17,134.00,140.00,133.00,136.00,0.00,"11,109.00","1,504,070.00"
433,433,2019-06-16,137.00,140.00,132.00,136.00,-2.16,"9,209.00","1,259,556.00"
434,434,2019-06-13,137.00,141.00,133.00,139.00,0.00,"16,450.00","2,276,440.00"
435,435,2019-06-12,140.00,144.00,134.00,139.00,0.72,"19,848.00","2,742,026.00"
436,436,2019-06-11,126.00,138.00,123.00,138.00,9.52,"69,329.00","9,316,743.00"
437,437,2019-06-10,124.00,129.00,122.00,126.00,-3.08,"17,740.00","2,245,180.00"
438,438,2019-06-06,131.00,131.00,124.00,130.00,-5.11,"13,400.00","1,692,330.00"
439,439,2019-06-04,127.00,137.00,120.00,137.00,3.01,"64,549.00","7,925,935.00"
440,440,2019-06-03,140.00,140.00,133.00,133.00,-9.52,460.00,"62,210.00"
441,441,2019-06-02,155.00,155.00,147.00,147.00,-9.82,"2,120.00","327,750.00"
442,442,2019-05-30,172.00,172.00,163.00,163.00,-9.94,210.00,"34,410.00"
443,443,2019-05-23,181.00,181.00,181.00,181.00,-4.74,20.00,"3,620.00"
444,444,2019-05-20,196.00,196.00,190.00,190.00,-7.77,50.00,"9,710.00"
445,445,2019-05-08,206.00,206.00,206.00,206.00,-4.63,10.00,"2,060.00"
446,446,2019-05-07,228.00,228.00,216.00,216.00,-9.62,60.00,"13,280.00"
447,447,2019-05-06,243.00,243.00,239.00,239.00,-6.27,40.00,"9,600.00"
448,448,2019-05-05,260.00,260.00,255.00,255.00,0.00,40.00,"10,250.00"
